分类,文件,宽度,高度,时长（秒）,字节,SHA-256
game_introduction,copy/game-introduction.txt,,,,4770,81cb2c5133aebd234efdd65e19ca6412d433c894371d545ebc2a1e90f48ee1a0
developers_message,copy/developers-message.txt,,,,2636,8387b4f6cd2a952b6c33e52940a9d9f1a32cbeccbc491de405d69e5d0e32ca3e
homepage_recommendation,copy/homepage-recommendation.txt,,,,440,30788c08ad508e001bd31fea101e8a967e953a4bc19f6a6485960952c92d60ce
screenshots,screenshots/01-paper-child-combat.png,1920,1080,,3040807,ebfcf031aa29cf48e844c6fa371e4c81f3d1be1da3c96f08836a082711275823
screenshots,screenshots/02-character-selection.png,1920,1080,,1534951,6689bcec2b02d7562731382893bf202af4873bf58d84da98973f1147ae640f36
screenshots,screenshots/03-river-returning-umbrella.png,1920,1080,,3081559,2afd5ed679fb7723e54af56f51ecb2adeb72b67254575ca90b8a3d63109bc675
screenshots,screenshots/04-treasury-composed-beams.png,1920,1080,,3498500,ac6b3b7b0801ec7f4bc07c32c0a6d7257943b57cbf32d1ce535d3b6cb73ba355
screenshots,screenshots/05-opera-flame-lantern.png,1920,1080,,3184581,851dca6b39580375add552f91518d951ff3f67de59b8a7408015d4f9d8867af4
screenshots,screenshots/06-thunder-gate-lightning.png,1920,1080,,3257693,ce9118fd246b08121943678d22008c409393000793d23015899eeaad3a46401a
screenshots,screenshots/07-bamboo-melee.png,1920,1080,,3323412,9fdc0ad5c9ae1e47e74edb8e576ce82c4e144e056d7b800bb1a1772c127154df
screenshots,screenshots/08-magistrate-boss.png,1920,1080,,2995802,ae304782d75e37c83742e971312c160cc52f992eaf6a6af005743309da66b077
screenshots,screenshots/09-lantern-shop.png,1920,1080,,1225134,63158e98e8118058d593e89733ca2b8b7130100b29b9dce74e50eaeeed71ed7d
screenshots,screenshots/10-relic-choice.png,1920,1080,,1190484,3946ac552fc832f17301cf7b19530280159c4f1f2c47ca9742d8122144ff3aca
screenshots,screenshots/11-celestial-prism.png,1920,1080,,3497938,c3d2152dae371693c10736fab3c6f65c09ec33aff5543a8803929541c917ecb2
screenshots,screenshots/12-eleven-floor-map.png,1920,1080,,651748,b2afb840a44aab8ab1c38ba9cd765ad8aa3d697a70e26937cfd78cc98159d922
gameplay_recording,videos/IncenseDebt-gameplay-120s.mp4,1920,1080,120.0,52939692,88f7851f8a64aca891d146ec4d2a06105583662b30e4d7dd7c4945d6420d2865
trailer,videos/IncenseDebt-trailer-45s.mp4,1920,1080,45.0,34061715,5cb369679c681428cc77af5f0a788e9b9a6b5fcba7488a40be75c3cd200cad14
game_icon,branding/app-icon-1024.png,1024,1024,,1199748,ba30db3ad00403602dc9ad6c5eed6aae32c49180e3a7db37f8c66c54aecaf9e5
game_logo,branding/logo-title-only-1024.png,1024,1024,,48733,c62400f98d210494ce558e204ebc4845d74168f93f3ec2adf09e5016314f09ee
banner,artwork/banner-2560x1080.png,2560,1080,,3290440,24013a5d4d9442309c7e57acd949e6e86450685c4cfabd34deb5459ce45003ed
poster,artwork/poster-2160x3240.png,2160,3240,,8431304,136f759b4ccaa4af228b44c8532bd0b018e8380bb5a7f4ac5601fb17a038649e
promotional_16_9,artwork/promo-01-lantern-1920x1080.png,1920,1080,,3007997,a523e02dfcfb04211df7e32909d8b6488aa373981f415d919ba8c7f93ede3b6e
promotional_16_9,artwork/promo-02-river-1920x1080.png,1920,1080,,2951220,493e91863a0480a155cc5337fcbdb356bac2fbe1b2aeccda8f1e70bdc30d0f6c
promotional_16_9,artwork/promo-03-treasury-1920x1080.png,1920,1080,,3120882,00c1b3725e7a4e175692d4c585e1572ac2c891b035a8cedb80de3d85ea52aa80
promotional_16_9,artwork/promo-04-opera-1920x1080.png,1920,1080,,3089676,398d38681abcf58364ca0ea192c67bab00bb8da8ffdac502d47877ac46861bee
promotional_16_9,artwork/promo-05-celestial-1920x1080.png,1920,1080,,3246137,d16b34a041e871b74e64f2c69d9dbdab8cb1e12efee992d3c94f794a4a7aef87
cover_horizontal,artwork/cover-horizontal-1920x1080.png,1920,1080,,2942283,a3266de5257b1f3cff159d1eb46bc7744f7aac71ea8df7742e864a38b9009bab
cover_vertical,artwork/cover-vertical-1080x1920.png,1080,1920,,2956240,07802a1a33782b3920c83fd71a3f44ed604d471e2e6ac389c71c75550b6bcde8
library_wallpaper,artwork/library-wallpaper-no-logo-5120x1654.png,5120,1654,,11155918,b72a6203e126f8e2dbb001e2ec26bd934a1b4373847c8784d41fb6484556bd7c
promotion_no_logo,artwork/promo-no-logo-1920x1080.png,1920,1080,,3058365,e4d1526a2ba86d6c2772200c86ebdea3943321eacc9f308d5755caa0ab2478b6
